time,values,Mode,Median,50percentile,37percentile
31/12/1999 23:59,10,6,7,7,6
1/01/2020 4:40,9,,,,
1/01/2020 9:35,10,,,,
1/01/2020 11:47,9,,,,
1/01/2020 17:29,10,,,,
1/01/2020 20:47,11,,,,
1/01/2020 21:23,12,,,,
1/01/2020 22:18,11,,,,
1/01/2020 22:39,10,,,,
2/01/2020 0:53,11,,,,
2/01/2020 4:41,10,,,,
2/01/2020 8:35,11,,,,
2/01/2020 10:12,10,,,,
2/01/2020 19:57,9,,,,
3/01/2020 4:42,8,,,,
3/01/2020 11:03,7,,,,
3/01/2020 11:34,6,,,,
3/01/2020 12:07,5,,,,
3/01/2020 13:29,6,,,,
3/01/2020 14:11,7,,,,
4/01/2020 4:43,6,,,,
4/01/2020 8:58,5,,,,
4/01/2020 11:36,4,,,,
4/01/2020 17:47,5,,,,
5/01/2020 0:20,4,,,,
5/01/2020 2:23,5,,,,
5/01/2020 4:44,4,,,,
5/01/2020 7:35,6,,,,
5/01/2020 10:17,7,,,,
5/01/2020 10:53,8,,,,
5/01/2020 12:31,7,,,,
5/01/2020 12:51,6,,,,
5/01/2020 15:12,5,,,,
6/01/2020 0:29,6,,,,
6/01/2020 1:11,5,,,,
6/01/2020 1:17,6,,,,
6/01/2020 4:45,5,,,,
6/01/2020 5:35,6,,,,
6/01/2020 11:11,7,,,,
6/01/2020 13:15,6,,,,
6/01/2020 16:35,7,,,,
6/01/2020 17:23,8,,,,
6/01/2020 19:00,7,,,,
7/01/2020 1:17,8,,,,
7/01/2020 2:20,7,,,,
7/01/2020 3:17,8,,,,
7/01/2020 4:46,7,,,,
7/01/2020 6:41,8,,,,
7/01/2020 7:06,7,,,,
7/01/2020 14:05,8,,,,
7/01/2020 16:01,7,,,,
8/01/2020 2:35,8,,,,
8/01/2020 3:13,7,,,,
8/01/2020 9:19,6,,,,
8/01/2020 13:53,7,,,,
8/01/2020 15:43,6,,,,
8/01/2020 16:16,5,,,,
8/01/2020 23:06,4,,,,
9/01/2020 1:29,5,,,,
9/01/2020 3:35,6,,,,
9/01/2020 8:11,7,,,,
9/01/2020 9:23,6,,,,
9/01/2020 10:41,7,,,,
9/01/2020 11:47,8,,,,
9/01/2020 13:47,9,,,,
9/01/2020 15:40,8,,,,
9/01/2020 18:04,7,,,,
10/01/2020 5:53,8,,,,
10/01/2020 8:59,9,,,,
10/01/2020 12:41,10,,,,
10/01/2020 17:29,11,,,,
10/01/2020 18:16,10,,,,
10/01/2020 18:49,9,,,,
10/01/2020 19:05,10,,,,
10/01/2020 22:41,11,,,,
10/01/2020 22:50,10,,,,
11/01/2020 2:17,11,,,,
11/01/2020 4:49,10,,,,
11/01/2020 17:21,9,,,,
11/01/2020 20:08,8,,,,
11/01/2020 20:41,7,,,,
12/01/2020 3:05,8,,,,
12/01/2020 11:11,9,,,,
12/01/2020 13:53,10,,,,
12/01/2020 20:20,9,,,,
12/01/2020 20:41,8,,,,
12/01/2020 21:14,7,,,,
12/01/2020 23:29,8,,,,
13/01/2020 4:40,7,,,,
13/01/2020 11:17,8,,,,
13/01/2020 14:59,7,,,,
13/01/2020 17:09,6,,,,
13/01/2020 19:05,7,,,,
13/01/2020 19:11,8,,,,
13/01/2020 20:29,9,,,,
13/01/2020 20:49,8,,,,
14/01/2020 1:53,9,,,,
14/01/2020 2:17,10,,,,
14/01/2020 4:52,9,,,,
14/01/2020 7:41,10,,,,
14/01/2020 8:11,11,,,,
14/01/2020 8:53,12,,,,
14/01/2020 11:01,11,,,,
14/01/2020 16:41,12,,,,
14/01/2020 21:23,13,,,,
14/01/2020 21:44,12,,,,
15/01/2020 3:35,13,,,,
15/01/2020 4:17,14,,,,
15/01/2020 4:53,13,,,,
15/01/2020 9:41,12,,,,
15/01/2020 12:10,11,,,,
15/01/2020 12:40,10,,,,
15/01/2020 14:23,11,,,,
16/01/2020 5:11,12,,,,
16/01/2020 9:41,13,,,,
16/01/2020 10:30,12,,,,
16/01/2020 10:53,11,,,,
16/01/2020 15:29,12,,,,
16/01/2020 18:47,13,,,,
17/01/2020 1:47,14,,,,
17/01/2020 2:11,15,,,,
17/01/2020 5:41,16,,,,
17/01/2020 11:08,15,,,,
17/01/2020 11:41,14,,,,
17/01/2020 12:17,15,,,,
17/01/2020 14:23,16,,,,
17/01/2020 14:37,15,,,,
17/01/2020 14:41,16,,,,
17/01/2020 14:53,18,,,,
17/01/2020 17:04,17,,,,
17/01/2020 18:11,18,,,,
17/01/2020 23:38,17,,,,
18/01/2020 0:59,18,,,,
18/01/2020 5:04,17,,,,
18/01/2020 5:29,18,,,,
18/01/2020 5:59,19,,,,
18/01/2020 11:36,18,,,,
18/01/2020 14:52,17,,,,
19/01/2020 0:28,16,,,,
19/01/2020 3:13,15,,,,
19/01/2020 4:57,14,,,,
19/01/2020 11:27,13,,,,
19/01/2020 13:37,12,,,,
20/01/2020 0:25,11,,,,
20/01/2020 2:50,10,,,,
20/01/2020 9:33,9,,,,
20/01/2020 13:29,8,,,,
20/01/2020 13:53,9,,,,
20/01/2020 15:39,8,,,,
21/01/2020 2:05,7,,,,
21/01/2020 4:29,8,,,,
21/01/2020 12:47,9,,,,
21/01/2020 13:51,8,,,,
21/01/2020 14:24,7,,,,
21/01/2020 16:34,6,,,,
21/01/2020 19:48,5,,,,
21/01/2020 21:05,6,,,,
22/01/2020 5:00,5,,,,
22/01/2020 7:29,6,,,,
22/01/2020 7:44,5,,,,
22/01/2020 14:45,4,,,,
22/01/2020 15:15,3,,,,
23/01/2020 1:17,4,,,,
23/01/2020 4:29,3,,,,
23/01/2020 10:17,4,,,,
23/01/2020 16:12,3,,,,
23/01/2020 16:42,2,,,,
23/01/2020 22:59,3,,,,
24/01/2020 3:59,4,,,,
24/01/2020 5:02,3,,,,
24/01/2020 17:16,2,,,,
24/01/2020 19:05,3,,,,
24/01/2020 23:41,4,,,,
25/01/2020 1:17,5,,,,
25/01/2020 3:29,6,,,,
25/01/2020 5:44,5,,,,
25/01/2020 6:15,4,,,,
25/01/2020 8:59,5,,,,
25/01/2020 11:47,6,,,,
25/01/2020 12:05,7,,,,
25/01/2020 14:37,6,,,,
25/01/2020 14:53,7,,,,
26/01/2020 6:26,6,,,,
26/01/2020 14:05,5,,,,
26/01/2020 19:13,4,,,,
26/01/2020 19:33,3,,,,
26/01/2020 20:47,4,,,,
26/01/2020 22:17,5,,,,
26/01/2020 22:35,6,,,,
27/01/2020 1:11,7,,,,
27/01/2020 3:53,8,,,,
27/01/2020 7:10,7,,,,
27/01/2020 7:47,8,,,,
27/01/2020 20:03,7,,,,
27/01/2020 20:36,6,,,,
28/01/2020 1:53,7,,,,
28/01/2020 5:06,6,,,,
28/01/2020 7:51,5,,,,
28/01/2020 13:23,6,,,,
28/01/2020 14:05,7,,,,
28/01/2020 17:41,6,,,,
28/01/2020 20:29,7,,,,
28/01/2020 20:34,6,,,,
28/01/2020 20:57,5,,,,
29/01/2020 6:35,6,,,,
29/01/2020 7:17,7,,,,
29/01/2020 9:59,8,,,,
29/01/2020 10:33,7,,,,
29/01/2020 22:05,8,,,,
30/01/2020 0:21,7,,,,
30/01/2020 2:47,8,,,,
30/01/2020 5:08,7,,,,
30/01/2020 10:53,8,,,,
30/01/2020 16:41,9,,,,
30/01/2020 21:53,8,,,,
31/01/2020 5:09,7,,,,
31/01/2020 9:54,6,,,,
31/01/2020 11:41,7,,,,
31/01/2020 11:59,8,,,,
31/01/2020 12:14,7,,,,
31/01/2020 12:53,8,,,,
31/01/2020 17:47,9,,,,
31/01/2020 18:02,8,,,,
31/01/2020 20:22,7,,,,
31/01/2020 22:53,8,,,,
1/02/2020 10:37,7,,,,
1/02/2020 20:59,9,,,,
1/02/2020 21:17,10,,,,
1/02/2020 23:18,9,,,,
2/02/2020 5:11,9,,,,
2/02/2020 5:42,8,,,,
2/02/2020 11:23,7,,,,
2/02/2020 19:53,8,,,,
3/02/2020 0:08,7,,,,
3/02/2020 0:35,8,,,,
3/02/2020 0:38,7,,,,
3/02/2020 6:53,8,,,,
3/02/2020 12:24,7,,,,
3/02/2020 12:45,6,,,,
3/02/2020 20:53,7,,,,
4/02/2020 5:12,6,,,,
4/02/2020 7:11,7,,,,
4/02/2020 7:32,6,,,,
4/02/2020 9:59,7,,,,
4/02/2020 13:17,6,,,,
4/02/2020 13:47,5,,,,
4/02/2020 20:11,6,,,,
5/02/2020 1:34,5,,,,
5/02/2020 2:05,6,,,,
5/02/2020 4:47,7,,,,
5/02/2020 5:53,8,,,,
5/02/2020 13:59,9,,,,
5/02/2020 14:33,8,,,,
5/02/2020 15:06,7,,,,
5/02/2020 15:29,6,,,,
5/02/2020 18:53,7,,,,
5/02/2020 20:29,6,,,,
6/02/2020 2:50,5,,,,
6/02/2020 7:11,6,,,,
6/02/2020 8:06,5,,,,
6/02/2020 9:35,6,,,,
6/02/2020 9:53,7,,,,
6/02/2020 10:15,6,,,,
6/02/2020 12:11,7,,,,
6/02/2020 22:12,6,,,,
6/02/2020 22:17,7,,,,
7/02/2020 5:15,6,,,,
7/02/2020 7:53,7,,,,
7/02/2020 10:35,8,,,,
7/02/2020 11:05,9,,,,
7/02/2020 13:57,8,,,,
7/02/2020 17:48,7,,,,
8/02/2020 4:50,6,,,,
8/02/2020 6:35,7,,,,
8/02/2020 9:11,8,,,,
8/02/2020 15:23,9,,,,
8/02/2020 18:04,8,,,,
9/02/2020 3:17,9,,,,
9/02/2020 5:17,8,,,,
9/02/2020 6:11,9,,,,
9/02/2020 7:42,8,,,,
9/02/2020 9:47,9,,,,
9/02/2020 19:00,8,,,,
9/02/2020 21:10,7,,,,
10/02/2020 2:35,8,,,,
10/02/2020 5:11,9,,,,
10/02/2020 5:54,8,,,,
10/02/2020 9:35,9,,,,
10/02/2020 12:05,10,,,,
10/02/2020 19:17,11,,,,
10/02/2020 19:47,10,,,,
10/02/2020 22:07,9,,,,
11/02/2020 1:35,10,,,,
11/02/2020 3:23,11,,,,
11/02/2020 3:47,12,,,,
11/02/2020 7:47,13,,,,
11/02/2020 9:11,12,,,,
11/02/2020 11:23,13,,,,
11/02/2020 12:41,14,,,,
11/02/2020 13:20,13,,,,
12/02/2020 1:42,12,,,,
12/02/2020 4:17,13,,,,
12/02/2020 8:37,12,,,,
12/02/2020 12:23,13,,,,
12/02/2020 13:51,12,,,,
12/02/2020 16:11,11,,,,
12/02/2020 17:05,12,,,,
13/02/2020 3:49,11,,,,
13/02/2020 9:33,10,,,,
13/02/2020 14:47,11,,,,
13/02/2020 17:24,10,,,,
14/02/2020 7:35,11,,,,
14/02/2020 10:12,10,,,,
14/02/2020 10:35,9,,,,
14/02/2020 12:47,10,,,,
14/02/2020 21:23,9,,,,
15/02/2020 4:11,10,,,,
15/02/2020 5:22,9,,,,
15/02/2020 13:08,8,,,,
15/02/2020 15:28,7,,,,
15/02/2020 16:53,8,,,,
16/02/2020 1:03,7,,,,
16/02/2020 11:08,6,,,,
16/02/2020 13:28,5,,,,
16/02/2020 19:41,6,,,,
17/02/2020 4:35,7,,,,
17/02/2020 4:41,8,,,,
17/02/2020 5:53,9,,,,
17/02/2020 11:53,8,,,,
17/02/2020 12:11,10,,,,
17/02/2020 12:23,9,,,,
17/02/2020 12:29,10,,,,
18/02/2020 0:07,9,,,,
18/02/2020 10:59,10,,,,
18/02/2020 11:05,11,,,,
18/02/2020 12:25,10,,,,
18/02/2020 13:53,11,,,,
18/02/2020 16:35,12,,,,
18/02/2020 20:03,11,,,,
19/02/2020 3:05,12,,,,
19/02/2020 5:26,11,,,,
19/02/2020 20:29,12,,,,
20/02/2020 1:46,11,,,,
20/02/2020 5:26,10,,,,
20/02/2020 7:46,9,,,,
20/02/2020 14:47,10,,,,
20/02/2020 15:10,9,,,,
20/02/2020 22:53,10,,,,
21/02/2020 5:27,9,,,,
21/02/2020 7:11,10,,,,
21/02/2020 15:26,9,,,,
22/02/2020 1:23,10,,,,
22/02/2020 4:53,11,,,,
22/02/2020 5:44,10,,,,
22/02/2020 6:11,11,,,,
22/02/2020 14:59,12,,,,
22/02/2020 16:42,11,,,,
22/02/2020 22:23,12,,,,
23/02/2020 5:29,11,,,,
23/02/2020 11:55,10,,,,
23/02/2020 12:35,11,,,,
23/02/2020 17:43,10,,,,
23/02/2020 19:29,11,,,,
23/02/2020 22:35,12,,,,
24/02/2020 1:47,13,,,,
24/02/2020 5:46,12,,,,
24/02/2020 15:17,13,,,,
24/02/2020 16:47,14,,,,
24/02/2020 18:41,13,,,,
25/02/2020 5:30,12,,,,
25/02/2020 7:55,11,,,,
25/02/2020 8:47,12,,,,
25/02/2020 19:14,11,,,,
25/02/2020 21:24,10,,,,
26/02/2020 1:29,11,,,,
26/02/2020 5:31,10,,,,
26/02/2020 5:59,11,,,,
26/02/2020 8:59,12,,,,
26/02/2020 16:11,13,,,,
26/02/2020 19:55,12,,,,
26/02/2020 20:11,13,,,,
26/02/2020 21:05,14,,,,
26/02/2020 22:59,15,,,,
26/02/2020 23:35,16,,,,
27/02/2020 0:23,17,,,,
27/02/2020 2:11,18,,,,
27/02/2020 8:03,17,,,,
27/02/2020 11:12,16,,,,
27/02/2020 13:41,17,,,,
27/02/2020 19:47,18,,,,
27/02/2020 20:35,17,,,,
28/02/2020 3:23,18,,,,
28/02/2020 6:19,17,,,,
28/02/2020 8:47,16,,,,
28/02/2020 13:57,15,,,,
28/02/2020 17:31,14,,,,
28/02/2020 23:35,15,,,,
29/02/2020 5:34,14,,,,
29/02/2020 6:04,13,,,,
29/02/2020 8:24,12,,,,
29/02/2020 12:41,13,,,,
29/02/2020 14:59,14,,,,
29/02/2020 15:05,15,,,,
29/02/2020 16:58,14,,,,
29/02/2020 19:35,15,,,,
29/02/2020 20:41,16,,,,
29/02/2020 21:47,17,,,,
29/02/2020 22:00,16,,,,
1/03/2020 10:32,15,,,,
1/03/2020 10:55,14,,,,
1/03/2020 15:29,15,,,,
1/03/2020 16:05,16,,,,
1/03/2020 22:45,15,,,,
2/03/2020 1:10,14,,,,
2/03/2020 1:47,15,,,,
2/03/2020 5:35,14,,,,
2/03/2020 11:12,13,,,,
2/03/2020 11:45,12,,,,
2/03/2020 15:47,13,,,,
2/03/2020 18:41,14,,,,
2/03/2020 18:59,15,,,,
2/03/2020 21:11,16,,,,
2/03/2020 23:33,15,,,,
3/03/2020 4:47,16,,,,
3/03/2020 5:23,17,,,,
3/03/2020 12:16,16,,,,
3/03/2020 12:39,15,,,,
3/03/2020 14:49,14,,,,
4/03/2020 0:26,13,,,,
4/03/2020 2:36,12,,,,
4/03/2020 6:27,11,,,,
4/03/2020 8:47,10,,,,
4/03/2020 8:59,11,,,,
4/03/2020 13:35,12,,,,
4/03/2020 19:53,13,,,,
5/03/2020 0:24,12,,,,
5/03/2020 3:23,13,,,,
5/03/2020 4:41,12,,,,
5/03/2020 7:11,13,,,,
5/03/2020 13:17,12,,,,
5/03/2020 15:59,13,,,,
5/03/2020 18:56,12,,,,
5/03/2020 19:23,13,,,,
5/03/2020 22:22,12,,,,
6/03/2020 8:07,11,,,,
6/03/2020 10:23,12,,,,
6/03/2020 10:29,13,,,,
6/03/2020 17:29,14,,,,
6/03/2020 20:47,15,,,,
6/03/2020 21:35,16,,,,
6/03/2020 22:17,15,,,,
7/03/2020 2:53,14,,,,
7/03/2020 3:23,15,,,,
7/03/2020 4:35,16,,,,
7/03/2020 5:39,15,,,,
7/03/2020 9:48,14,,,,
7/03/2020 15:42,13,,,,
7/03/2020 17:58,12,,,,
7/03/2020 18:23,13,,,,
7/03/2020 23:47,12,,,,
8/03/2020 6:38,11,,,,
8/03/2020 8:41,12,,,,
8/03/2020 9:29,13,,,,
8/03/2020 17:02,12,,,,
8/03/2020 17:25,11,,,,
8/03/2020 18:17,12,,,,
9/03/2020 1:47,13,,,,
9/03/2020 4:16,12,,,,
9/03/2020 5:40,11,,,,
9/03/2020 8:00,10,,,,
9/03/2020 10:37,9,,,,
9/03/2020 11:47,10,,,,
9/03/2020 12:17,11,,,,
9/03/2020 17:23,10,,,,
9/03/2020 18:53,11,,,,
10/03/2020 3:35,12,,,,
10/03/2020 18:26,11,,,,
11/03/2020 1:29,10,,,,
11/03/2020 6:31,9,,,,
11/03/2020 8:29,10,,,,
11/03/2020 12:50,9,,,,
11/03/2020 17:41,10,,,,
11/03/2020 18:30,9,,,,
12/03/2020 2:29,10,,,,
12/03/2020 2:35,11,,,,
12/03/2020 6:02,10,,,,
12/03/2020 7:17,11,,,,
12/03/2020 8:23,12,,,,
12/03/2020 19:29,13,,,,
12/03/2020 19:50,12,,,,
12/03/2020 21:05,13,,,,
12/03/2020 21:11,14,,,,
13/03/2020 4:17,15,,,,
13/03/2020 5:43,14,,,,
13/03/2020 8:08,13,,,,
13/03/2020 14:07,12,,,,
13/03/2020 15:59,13,,,,
13/03/2020 20:24,12,,,,
13/03/2020 20:57,11,,,,
13/03/2020 22:59,12,,,,
14/03/2020 8:29,11,,,,
14/03/2020 19:23,12,,,,
14/03/2020 21:06,11,,,,
14/03/2020 21:36,10,,,,
15/03/2020 5:45,9,,,,
15/03/2020 5:53,10,,,,
15/03/2020 7:29,11,,,,
15/03/2020 10:07,10,,,,
15/03/2020 12:53,9,,,,
15/03/2020 18:29,10,,,,
15/03/2020 21:19,9,,,,
16/03/2020 9:42,8,,,,
16/03/2020 10:05,7,,,,
16/03/2020 12:59,8,,,,
16/03/2020 14:29,9,,,,
16/03/2020 17:59,10,,,,
16/03/2020 18:23,11,,,,
16/03/2020 18:29,12,,,,
16/03/2020 18:35,13,,,,
16/03/2020 18:45,12,,,,
17/03/2020 4:36,11,,,,
17/03/2020 5:46,10,,,,
17/03/2020 6:16,9,,,,
17/03/2020 8:36,8,,,,
17/03/2020 9:11,9,,,,
17/03/2020 19:29,10,,,,
18/03/2020 5:23,9,,,,
18/03/2020 5:47,8,,,,
18/03/2020 6:41,9,,,,
18/03/2020 11:12,8,,,,
18/03/2020 11:43,7,,,,
18/03/2020 12:11,8,,,,
18/03/2020 21:17,9,,,,
18/03/2020 21:46,8,,,,
19/03/2020 1:11,9,,,,
19/03/2020 5:48,8,,,,
19/03/2020 12:29,9,,,,
19/03/2020 12:53,10,,,,
19/03/2020 17:41,11,,,,
19/03/2020 20:47,12,,,,
19/03/2020 21:05,13,,,,
19/03/2020 23:53,12,,,,
20/03/2020 12:46,11,,,,
20/03/2020 15:05,12,,,,
21/03/2020 0:48,11,,,,
21/03/2020 4:59,12,,,,
21/03/2020 5:23,13,,,,
21/03/2020 6:17,14,,,,
21/03/2020 10:23,15,,,,
21/03/2020 14:02,14,,,,
21/03/2020 14:35,13,,,,
21/03/2020 16:29,14,,,,
21/03/2020 17:41,15,,,,
21/03/2020 18:53,16,,,,
21/03/2020 19:25,15,,,,
21/03/2020 21:53,16,,,,
22/03/2020 1:54,15,,,,
22/03/2020 6:29,16,,,,
22/03/2020 11:57,15,,,,
22/03/2020 13:35,16,,,,
22/03/2020 13:41,17,,,,
22/03/2020 15:13,16,,,,
22/03/2020 15:36,15,,,,
22/03/2020 17:46,14,,,,
22/03/2020 17:53,15,,,,
23/03/2020 3:35,16,,,,
23/03/2020 4:03,15,,,,
23/03/2020 10:38,14,,,,
23/03/2020 12:41,15,,,,
23/03/2020 16:14,14,,,,
23/03/2020 16:47,13,,,,
24/03/2020 2:18,12,,,,
24/03/2020 7:11,13,,,,
24/03/2020 7:59,14,,,,
24/03/2020 8:17,15,,,,
24/03/2020 9:53,16,,,,
24/03/2020 17:03,15,,,,
24/03/2020 17:26,14,,,,
24/03/2020 17:49,13,,,,
24/03/2020 20:00,12,,,,
25/03/2020 2:17,13,,,,
25/03/2020 9:22,12,,,,
25/03/2020 12:46,11,,,,
25/03/2020 14:59,12,,,,
25/03/2020 18:53,13,,,,
25/03/2020 18:59,14,,,,
25/03/2020 19:05,15,,,,
26/03/2020 1:11,14,,,,
26/03/2020 5:04,13,,,,
26/03/2020 12:16,12,,,,
26/03/2020 15:29,13,,,,
26/03/2020 21:59,14,,,,
27/03/2020 1:58,13,,,,
27/03/2020 3:47,14,,,,
27/03/2020 6:43,13,,,,
27/03/2020 7:13,12,,,,
27/03/2020 9:11,13,,,,
27/03/2020 14:52,12,,,,
27/03/2020 16:17,13,,,,
27/03/2020 19:36,12,,,,
27/03/2020 19:41,13,,,,
27/03/2020 23:41,14,,,,
28/03/2020 7:24,13,,,,
28/03/2020 10:23,14,,,,
28/03/2020 19:50,13,,,,
28/03/2020 22:47,14,,,,
29/03/2020 7:05,15,,,,
29/03/2020 8:34,14,,,,
29/03/2020 9:04,13,,,,
29/03/2020 9:37,12,,,,
29/03/2020 11:48,11,,,,
29/03/2020 14:53,12,,,,
29/03/2020 20:36,11,,,,
29/03/2020 23:53,12,,,,
30/03/2020 8:10,11,,,,
30/03/2020 10:36,10,,,,
30/03/2020 12:05,11,,,,
30/03/2020 12:23,12,,,,
30/03/2020 16:11,13,,,,
30/03/2020 18:41,14,,,,
30/03/2020 19:47,15,,,,
30/03/2020 19:59,16,,,,
30/03/2020 21:25,15,,,,
30/03/2020 23:45,14,,,,
31/03/2020 5:56,13,,,,
31/03/2020 10:24,12,,,,
31/03/2020 17:23,13,,,,
31/03/2020 19:35,14,,,,
31/03/2020 22:25,13,,,,
31/03/2020 22:55,12,,,,
1/04/2020 1:17,13,,,,
1/04/2020 14:17,14,,,,
1/04/2020 18:25,13,,,,
1/04/2020 23:09,12,,,,
2/04/2020 1:35,13,,,,
2/04/2020 14:00,12,,,,
2/04/2020 20:11,13,,,,
3/04/2020 2:17,12,,,,
3/04/2020 4:28,11,,,,
3/04/2020 10:17,12,,,,
3/04/2020 13:11,11,,,,
3/04/2020 15:17,12,,,,
3/04/2020 17:35,11,,,,
3/04/2020 22:05,12,,,,
4/04/2020 1:11,11,,,,
4/04/2020 3:05,12,,,,
4/04/2020 3:47,13,,,,
4/04/2020 5:59,12,,,,
4/04/2020 7:11,13,,,,
4/04/2020 11:47,14,,,,
4/04/2020 12:41,15,,,,
4/04/2020 14:33,14,,,,
4/04/2020 14:56,13,,,,
4/04/2020 19:23,12,,,,
5/04/2020 5:11,13,,,,
5/04/2020 5:41,14,,,,
5/04/2020 6:36,13,,,,
5/04/2020 9:29,14,,,,
5/04/2020 15:29,13,,,,
5/04/2020 19:23,14,,,,
5/04/2020 21:59,13,,,,
6/04/2020 3:27,12,,,,
6/04/2020 7:35,13,,,,
6/04/2020 13:21,12,,,,
6/04/2020 22:29,13,,,,
7/04/2020 4:26,12,,,,
7/04/2020 6:01,11,,,,
7/04/2020 6:05,12,,,,
7/04/2020 6:31,11,,,,
7/04/2020 8:41,12,,,,
7/04/2020 9:38,11,,,,
7/04/2020 15:29,12,,,,
7/04/2020 17:15,11,,,,
7/04/2020 18:35,12,,,,
7/04/2020 22:14,11,,,,
8/04/2020 4:24,10,,,,
8/04/2020 14:59,11,,,,
8/04/2020 17:57,10,,,,
9/04/2020 4:23,11,,,,
9/04/2020 7:37,10,,,,
9/04/2020 8:33,9,,,,
9/04/2020 10:17,10,,,,
9/04/2020 17:08,9,,,,
9/04/2020 21:59,10,,,,
10/04/2020 5:05,11,,,,
10/04/2020 6:54,10,,,,
10/04/2020 7:27,9,,,,
10/04/2020 7:29,10,,,,
10/04/2020 15:35,11,,,,
10/04/2020 19:10,10,,,,
10/04/2020 19:40,9,,,,
11/04/2020 4:41,10,,,,
11/04/2020 7:25,9,,,,
11/04/2020 7:55,8,,,,
11/04/2020 9:53,9,,,,
11/04/2020 11:23,10,,,,
11/04/2020 16:56,9,,,,
11/04/2020 22:35,10,,,,
12/04/2020 6:05,9,,,,
12/04/2020 8:30,8,,,,
12/04/2020 12:29,9,,,,
12/04/2020 16:29,10,,,,
12/04/2020 19:23,11,,,,
12/04/2020 20:34,10,,,,
12/04/2020 20:57,9,,,,
12/04/2020 21:23,10,,,,
13/04/2020 0:05,11,,,,
13/04/2020 6:05,10,,,,
13/04/2020 8:41,9,,,,
13/04/2020 11:38,8,,,,
13/04/2020 20:47,7,,,,
14/04/2020 4:29,8,,,,
14/04/2020 6:06,7,,,,
14/04/2020 6:23,8,,,,
15/04/2020 6:07,7,,,,
15/04/2020 10:41,8,,,,
15/04/2020 11:53,9,,,,
15/04/2020 12:18,8,,,,
15/04/2020 17:29,9,,,,
15/04/2020 18:29,10,,,,
15/04/2020 22:17,11,,,,
16/04/2020 2:54,10,,,,
16/04/2020 3:41,11,,,,
16/04/2020 8:04,10,,,,
16/04/2020 14:41,11,,,,
16/04/2020 15:06,10,,,,
16/04/2020 17:58,9,,,,
17/04/2020 4:05,10,,,,
17/04/2020 5:23,11,,,,
17/04/2020 11:28,10,,,,
17/04/2020 14:35,11,,,,
17/04/2020 15:00,10,,,,
18/04/2020 3:37,9,,,,
18/04/2020 6:09,8,,,,
18/04/2020 6:39,7,,,,
18/04/2020 6:41,8,,,,
18/04/2020 8:59,7,,,,
18/04/2020 14:25,6,,,,
18/04/2020 21:43,5,,,,
18/04/2020 22:17,6,,,,
18/04/2020 23:59,7,,,,
19/04/2020 2:53,8,,,,
19/04/2020 13:19,7,,,,
20/04/2020 1:20,6,,,,
20/04/2020 1:35,7,,,,
20/04/2020 6:10,6,,,,
20/04/2020 14:11,7,,,,
20/04/2020 14:32,6,,,,
20/04/2020 15:05,5,,,,
20/04/2020 19:05,6,,,,
21/04/2020 2:15,5,,,,
21/04/2020 7:29,6,,,,
21/04/2020 9:11,7,,,,
21/04/2020 9:34,6,,,,
21/04/2020 15:17,7,,,,
21/04/2020 15:21,6,,,,
21/04/2020 19:02,5,,,,
21/04/2020 19:41,6,,,,
21/04/2020 21:41,7,,,,
22/04/2020 0:35,8,,,,
22/04/2020 8:17,9,,,,
22/04/2020 11:41,10,,,,
22/04/2020 16:13,9,,,,
22/04/2020 17:41,10,,,,
22/04/2020 21:35,11,,,,
22/04/2020 23:17,12,,,,
23/04/2020 4:19,11,,,,
23/04/2020 7:29,12,,,,
23/04/2020 9:39,11,,,,
23/04/2020 17:02,10,,,,
24/04/2020 3:41,11,,,,
24/04/2020 6:35,12,,,,
24/04/2020 7:09,11,,,,
24/04/2020 17:59,10,,,,
24/04/2020 18:29,11,,,,
24/04/2020 18:41,12,,,,
24/04/2020 20:20,11,,,,
25/04/2020 6:14,10,,,,
25/04/2020 6:45,9,,,,
25/04/2020 7:47,10,,,,
25/04/2020 15:35,11,,,,
25/04/2020 17:23,12,,,,
26/04/2020 6:15,11,,,,
26/04/2020 6:45,10,,,,
26/04/2020 7:05,11,,,,
26/04/2020 9:10,10,,,,
26/04/2020 14:35,11,,,,
26/04/2020 19:36,10,,,,
26/04/2020 20:17,11,,,,
27/04/2020 1:29,12,,,,
27/04/2020 2:29,13,,,,
27/04/2020 6:15,12,,,,
27/04/2020 8:50,11,,,,
27/04/2020 9:20,10,,,,
27/04/2020 10:11,11,,,,
27/04/2020 11:35,12,,,,
27/04/2020 17:47,13,,,,
27/04/2020 20:15,12,,,,
28/04/2020 0:47,13,,,,
28/04/2020 9:15,12,,,,
28/04/2020 9:45,11,,,,
28/04/2020 10:18,10,,,,
28/04/2020 16:23,11,,,,
28/04/2020 16:59,12,,,,
28/04/2020 18:41,13,,,,
29/04/2020 0:05,14,,,,
29/04/2020 5:42,13,,,,
29/04/2020 10:04,12,,,,
29/04/2020 10:24,11,,,,
29/04/2020 22:59,10,,,,
29/04/2020 23:23,11,,,,
30/04/2020 5:11,12,,,,
30/04/2020 10:52,11,,,,
30/04/2020 12:59,12,,,,
30/04/2020 14:35,11,,,,
30/04/2020 22:52,10,,,,
1/05/2020 3:29,11,,,,
1/05/2020 13:17,10,,,,
1/05/2020 16:29,11,,,,
1/05/2020 21:35,12,,,,
1/05/2020 23:56,11,,,,
2/05/2020 0:27,10,,,,
2/05/2020 2:47,9,,,,
2/05/2020 7:18,8,,,,
3/05/2020 1:05,7,,,,
3/05/2020 2:23,8,,,,
3/05/2020 3:47,9,,,,
3/05/2020 6:20,8,,,,
3/05/2020 6:51,7,,,,
3/05/2020 13:56,6,,,,
3/05/2020 14:19,5,,,,
3/05/2020 18:41,6,,,,
3/05/2020 18:59,7,,,,
3/05/2020 19:17,8,,,,
3/05/2020 22:47,9,,,,
4/05/2020 1:48,8,,,,
4/05/2020 5:23,9,,,,
4/05/2020 10:17,10,,,,
4/05/2020 10:59,11,,,,
4/05/2020 15:06,10,,,,
4/05/2020 15:26,9,,,,
4/05/2020 19:19,8,,,,
4/05/2020 21:05,9,,,,
4/05/2020 21:47,8,,,,
4/05/2020 22:07,7,,,,
5/05/2020 6:15,6,,,,
5/05/2020 14:11,5,,,,
5/05/2020 16:26,4,,,,
6/05/2020 4:11,3,,,,
6/05/2020 6:22,2,,,,
6/05/2020 7:23,3,,,,
6/05/2020 9:35,4,,,,
6/05/2020 10:48,3,,,,
6/05/2020 14:41,4,,,,
6/05/2020 20:59,5,,,,
7/05/2020 4:45,4,,,,
7/05/2020 4:53,5,,,,
7/05/2020 16:29,6,,,,
7/05/2020 17:17,7,,,,
7/05/2020 18:41,8,,,,
7/05/2020 22:23,9,,,,
8/05/2020 5:51,8,,,,
8/05/2020 6:23,7,,,,
8/05/2020 6:56,6,,,,
8/05/2020 7:17,5,,,,
8/05/2020 13:26,4,,,,
8/05/2020 16:59,5,,,,
8/05/2020 18:05,6,,,,
8/05/2020 21:47,5,,,,
9/05/2020 0:11,6,,,,
9/05/2020 2:33,5,,,,
9/05/2020 4:23,6,,,,
9/05/2020 11:29,7,,,,
9/05/2020 14:47,8,,,,
9/05/2020 17:59,9,,,,
9/05/2020 19:29,8,,,,
9/05/2020 21:49,7,,,,
10/05/2020 1:17,8,,,,
10/05/2020 6:25,7,,,,
10/05/2020 6:55,6,,,,
10/05/2020 7:26,5,,,,
10/05/2020 7:35,6,,,,
10/05/2020 12:53,7,,,,
10/05/2020 15:36,6,,,,
11/05/2020 1:47,7,,,,
11/05/2020 4:41,8,,,,
11/05/2020 6:53,9,,,,
11/05/2020 7:38,8,,,,
11/05/2020 11:43,7,,,,
11/05/2020 12:05,8,,,,
11/05/2020 18:47,9,,,,
11/05/2020 19:47,8,,,,
12/05/2020 8:26,7,,,,
12/05/2020 8:47,6,,,,
12/05/2020 13:23,7,,,,
12/05/2020 13:35,6,,,,
12/05/2020 15:55,5,,,,
12/05/2020 19:23,6,,,,
12/05/2020 20:22,5,,,,
13/05/2020 3:29,6,,,,
13/05/2020 6:27,5,,,,
13/05/2020 8:46,4,,,,
13/05/2020 11:23,5,,,,
13/05/2020 20:11,6,,,,
13/05/2020 21:06,5,,,,
13/05/2020 21:39,4,,,,
14/05/2020 3:29,5,,,,
14/05/2020 9:38,4,,,,
14/05/2020 12:05,5,,,,
14/05/2020 15:47,6,,,,
14/05/2020 17:05,5,,,,
15/05/2020 1:11,6,,,,
15/05/2020 2:47,7,,,,
15/05/2020 6:28,6,,,,
15/05/2020 6:29,7,,,,
15/05/2020 10:30,6,,,,
15/05/2020 10:53,5,,,,
15/05/2020 18:41,6,,,,
15/05/2020 20:23,7,,,,
15/05/2020 22:21,6,,,,
15/05/2020 22:54,5,,,,
16/05/2020 4:40,4,,,,
16/05/2020 7:54,3,,,,
16/05/2020 8:23,4,,,,
16/05/2020 9:35,5,,,,
16/05/2020 11:05,6,,,,
16/05/2020 12:29,5,,,,
16/05/2020 12:41,6,,,,
16/05/2020 17:41,5,,,,
16/05/2020 18:29,6,,,,
16/05/2020 19:05,7,,,,
17/05/2020 2:29,6,,,,
17/05/2020 5:38,5,,,,
17/05/2020 6:29,4,,,,
17/05/2020 14:41,5,,,,
17/05/2020 14:55,4,,,,
17/05/2020 19:05,5,,,,
17/05/2020 19:52,4,,,,
17/05/2020 19:53,5,,,,
17/05/2020 21:11,6,,,,
17/05/2020 23:40,5,,,,
18/05/2020 9:17,6,,,,
18/05/2020 10:29,7,,,,
18/05/2020 11:05,8,,,,
18/05/2020 12:55,7,,,,
18/05/2020 13:28,6,,,,
18/05/2020 19:36,5,,,,
19/05/2020 1:47,6,,,,
19/05/2020 2:23,7,,,,
19/05/2020 8:27,6,,,,
19/05/2020 10:35,7,,,,
19/05/2020 13:51,6,,,,
19/05/2020 14:24,5,,,,
20/05/2020 12:23,6,,,,
20/05/2020 19:25,5,,,,
20/05/2020 19:48,4,,,,
21/05/2020 3:25,3,,,,
21/05/2020 6:32,2,,,,
21/05/2020 7:03,1,,,,
21/05/2020 14:17,2,,,,
21/05/2020 20:11,3,,,,
22/05/2020 2:35,4,,,,
22/05/2020 3:53,5,,,,
22/05/2020 16:42,4,,,,
22/05/2020 17:12,3,,,,
23/05/2020 7:11,4,,,,
23/05/2020 7:36,3,,,,
23/05/2020 13:50,2,,,,
23/05/2020 17:53,3,,,,
24/05/2020 2:47,4,,,,
24/05/2020 4:41,5,,,,
24/05/2020 6:33,4,,,,
24/05/2020 8:06,3,,,,
24/05/2020 8:47,4,,,,
24/05/2020 9:59,5,,,,
24/05/2020 18:25,4,,,,
24/05/2020 22:53,5,,,,
25/05/2020 11:37,4,,,,
25/05/2020 12:05,5,,,,
26/05/2020 0:29,6,,,,
26/05/2020 15:59,5,,,,
26/05/2020 20:59,6,,,,
27/05/2020 3:55,5,,,,
27/05/2020 6:35,4,,,,
27/05/2020 9:29,3,,,,
27/05/2020 18:59,4,,,,
27/05/2020 21:23,5,,,,
28/05/2020 1:43,4,,,,
28/05/2020 6:36,3,,,,
28/05/2020 8:41,4,,,,
28/05/2020 9:49,3,,,,
28/05/2020 13:51,2,,,,
28/05/2020 14:29,3,,,,
28/05/2020 19:53,4,,,,
28/05/2020 21:41,3,,,,
29/05/2020 0:29,4,,,,
29/05/2020 8:05,5,,,,
29/05/2020 10:23,6,,,,
29/05/2020 10:33,5,,,,
29/05/2020 13:59,6,,,,
29/05/2020 15:35,7,,,,
29/05/2020 16:41,8,,,,
29/05/2020 19:49,7,,,,
29/05/2020 22:42,6,,,,
29/05/2020 23:12,5,,,,
30/05/2020 5:53,6,,,,
30/05/2020 8:17,7,,,,
30/05/2020 11:46,6,,,,
30/05/2020 17:35,7,,,,
30/05/2020 18:41,8,,,,
30/05/2020 23:32,7,,,,
31/05/2020 6:37,6,,,,
31/05/2020 8:53,7,,,,
31/05/2020 12:30,6,,,,
31/05/2020 13:01,5,,,,
31/05/2020 17:29,6,,,,
1/06/2020 5:35,7,,,,
1/06/2020 6:38,6,,,,
1/06/2020 7:09,5,,,,
1/06/2020 13:26,4,,,,
1/06/2020 13:59,3,,,,
1/06/2020 19:23,4,,,,
2/06/2020 1:08,3,,,,
2/06/2020 4:47,4,,,,
2/06/2020 6:11,5,,,,
2/06/2020 7:46,4,,,,
2/06/2020 14:12,3,,,,
2/06/2020 21:17,2,,,,
3/06/2020 2:06,1,,,,
3/06/2020 3:47,2,,,,
3/06/2020 4:41,3,,,,
3/06/2020 5:59,4,,,,
3/06/2020 6:38,3,,,,
3/06/2020 12:47,4,,,,
3/06/2020 15:08,3,,,,
3/06/2020 18:18,2,,,,
3/06/2020 18:42,1,,,,
3/06/2020 23:17,2,,,,
4/06/2020 4:10,1,,,,
4/06/2020 10:41,2,,,,
4/06/2020 12:42,1,,,,
4/06/2020 15:59,0,,,,
4/06/2020 20:05,1,,,,
4/06/2020 20:30,0,,,,
4/06/2020 21:35,1,,,,
5/06/2020 0:23,2,,,,
5/06/2020 9:04,1,,,,
5/06/2020 13:00,0,,,,
5/06/2020 13:05,1,,,,
5/06/2020 13:33,0,,,,
5/06/2020 14:23,1,,,,
5/06/2020 16:46,0,,,,
5/06/2020 17:47,1,,,,
5/06/2020 23:53,2,,,,
6/06/2020 1:23,3,,,,
6/06/2020 2:01,2,,,,
6/06/2020 2:29,3,,,,
6/06/2020 16:47,4,,,,
6/06/2020 17:38,3,,,,
6/06/2020 18:08,2,,,,
7/06/2020 6:40,1,,,,
7/06/2020 7:10,0,,,,
8/06/2020 0:29,1,,,,
8/06/2020 3:17,2,,,,
8/06/2020 3:42,1,,,,
8/06/2020 5:41,2,,,,
8/06/2020 5:53,3,,,,
8/06/2020 6:06,2,,,,
8/06/2020 6:40,1,,,,
8/06/2020 6:59,2,,,,
8/06/2020 7:29,3,,,,
8/06/2020 18:56,2,,,,
8/06/2020 19:16,1,,,,
8/06/2020 21:49,0,,,,
9/06/2020 0:05,1,,,,
9/06/2020 7:39,0,,,,
9/06/2020 11:29,1,,,,
9/06/2020 12:14,0,,,,
9/06/2020 13:47,1,,,,
9/06/2020 14:35,2,,,,
9/06/2020 15:35,3,,,,
9/06/2020 19:23,2,,,,
9/06/2020 22:53,3,,,,
9/06/2020 23:26,2,,,,
10/06/2020 1:11,3,,,,
10/06/2020 1:36,2,,,,
10/06/2020 6:23,3,,,,
10/06/2020 7:56,2,,,,
10/06/2020 10:36,1,,,,
10/06/2020 17:14,0,,,,
11/06/2020 1:53,1,,,,
11/06/2020 2:18,0,,,,
11/06/2020 10:47,1,,,,
11/06/2020 11:12,0,,,,
11/06/2020 16:29,1,,,,
11/06/2020 20:29,2,,,,
12/06/2020 4:05,3,,,,
12/06/2020 6:41,2,,,,
12/06/2020 9:15,1,,,,
12/06/2020 21:13,0,,,,
13/06/2020 0:23,1,,,,
13/06/2020 6:41,0,,,,
13/06/2020 16:29,1,,,,
13/06/2020 16:54,0,,,,
14/06/2020 0:17,1,,,,
14/06/2020 6:42,0,,,,
14/06/2020 14:05,1,,,,
14/06/2020 14:30,0,,,,
14/06/2020 19:23,1,,,,
14/06/2020 19:48,0,,,,
14/06/2020 21:53,1,,,,
15/06/2020 0:59,2,,,,
15/06/2020 6:42,1,,,,
15/06/2020 7:12,0,,,,
15/06/2020 10:47,1,,,,
15/06/2020 11:23,0,,,,
15/06/2020 19:59,1,,,,
15/06/2020 23:24,0,,,,
16/06/2020 5:29,1,,,,
16/06/2020 6:42,0,,,,
16/06/2020 21:53,1,,,,
16/06/2020 22:18,0,,,,
17/06/2020 11:05,1,,,,
17/06/2020 11:23,2,,,,
17/06/2020 13:07,1,,,,
17/06/2020 13:37,0,,,,
17/06/2020 16:59,1,,,,
17/06/2020 22:23,2,,,,
17/06/2020 22:48,1,,,,
18/06/2020 6:42,0,,,,
18/06/2020 11:53,1,,,,
18/06/2020 14:16,0,,,,
18/06/2020 21:05,1,,,,
18/06/2020 21:30,0,,,,
19/06/2020 5:29,1,,,,
19/06/2020 5:54,0,,,,
19/06/2020 12:41,1,,,,
19/06/2020 15:26,0,,,,
19/06/2020 15:35,1,,,,
19/06/2020 16:00,0,,,,
19/06/2020 16:53,1,,,,
19/06/2020 17:18,0,,,,
20/06/2020 16:05,1,,,,
20/06/2020 16:30,0,,,,
21/06/2020 1:53,1,,,,
21/06/2020 2:59,2,,,,
21/06/2020 6:42,1,,,,
21/06/2020 7:12,0,,,,
21/06/2020 20:11,1,,,,
22/06/2020 6:42,0,,,,
22/06/2020 19:29,1,,,,
22/06/2020 21:29,2,,,,
22/06/2020 21:54,1,,,,
23/06/2020 3:29,2,,,,
23/06/2020 6:23,3,,,,
23/06/2020 6:42,2,,,,
23/06/2020 7:12,1,,,,
23/06/2020 7:43,0,,,,
23/06/2020 12:53,1,,,,
23/06/2020 14:03,0,,,,
23/06/2020 17:59,1,,,,
23/06/2020 18:24,0,,,,
23/06/2020 19:11,1,,,,
23/06/2020 21:11,2,,,,
23/06/2020 21:29,3,,,,
23/06/2020 23:35,4,,,,
24/06/2020 0:35,5,,,,
24/06/2020 7:52,4,,,,
24/06/2020 8:26,3,,,,
24/06/2020 12:47,4,,,,
24/06/2020 12:53,5,,,,
24/06/2020 15:29,6,,,,
24/06/2020 16:11,7,,,,
24/06/2020 18:59,8,,,,
24/06/2020 19:44,7,,,,
25/06/2020 8:28,6,,,,
25/06/2020 10:40,5,,,,
25/06/2020 17:53,6,,,,
25/06/2020 19:53,7,,,,
25/06/2020 20:34,6,,,,
25/06/2020 23:27,5,,,,
26/06/2020 3:53,6,,,,
26/06/2020 5:29,7,,,,
26/06/2020 12:36,6,,,,
26/06/2020 15:29,7,,,,
26/06/2020 19:59,8,,,,
26/06/2020 21:22,7,,,,
26/06/2020 23:11,8,,,,
27/06/2020 10:17,7,,,,
27/06/2020 10:50,6,,,,
27/06/2020 17:35,7,,,,
27/06/2020 22:18,6,,,,
28/06/2020 0:29,5,,,,
28/06/2020 3:05,6,,,,
28/06/2020 6:07,5,,,,
28/06/2020 6:11,6,,,,
28/06/2020 6:42,5,,,,
28/06/2020 12:26,4,,,,
28/06/2020 17:46,3,,,,
28/06/2020 20:06,2,,,,
28/06/2020 20:47,3,,,,
29/06/2020 7:05,4,,,,
29/06/2020 8:41,5,,,,
29/06/2020 11:42,4,,,,
29/06/2020 12:47,5,,,,
29/06/2020 15:29,6,,,,
29/06/2020 16:17,7,,,,
29/06/2020 22:11,8,,,,
29/06/2020 23:46,7,,,,
30/06/2020 6:41,6,,,,
30/06/2020 7:11,7,,,,
30/06/2020 12:30,6,,,,
30/06/2020 19:53,7,,,,
1/07/2020 1:47,8,,,,
1/07/2020 6:41,7,,,,
1/07/2020 13:31,6,,,,
1/07/2020 14:02,5,,,,
1/07/2020 15:59,6,,,,
1/07/2020 17:59,7,,,,
2/07/2020 1:17,6,,,,
2/07/2020 8:05,7,,,,
2/07/2020 14:16,6,,,,
2/07/2020 15:23,7,,,,
3/07/2020 1:35,8,,,,
3/07/2020 2:11,9,,,,
3/07/2020 2:30,8,,,,
3/07/2020 2:54,7,,,,
3/07/2020 3:53,8,,,,
3/07/2020 15:12,7,,,,
3/07/2020 23:15,6,,,,
4/07/2020 2:47,7,,,,
4/07/2020 6:40,6,,,,
4/07/2020 7:10,5,,,,
4/07/2020 9:30,4,,,,
4/07/2020 10:29,5,,,,
4/07/2020 11:51,4,,,,
5/07/2020 6:40,3,,,,
5/07/2020 9:00,2,,,,
5/07/2020 13:47,3,,,,
5/07/2020 14:41,4,,,,
5/07/2020 14:59,5,,,,
5/07/2020 15:05,6,,,,
5/07/2020 17:05,5,,,,
5/07/2020 17:17,6,,,,
5/07/2020 17:36,5,,,,
5/07/2020 18:53,6,,,,
5/07/2020 20:47,7,,,,
5/07/2020 22:23,8,,,,
6/07/2020 4:47,9,,,,
6/07/2020 6:40,8,,,,
6/07/2020 17:51,7,,,,
6/07/2020 18:14,6,,,,
7/07/2020 2:35,7,,,,
7/07/2020 6:39,6,,,,
7/07/2020 11:39,5,,,,
7/07/2020 15:41,6,,,,
7/07/2020 16:47,7,,,,
7/07/2020 18:31,6,,,,
7/07/2020 21:35,7,,,,
8/07/2020 6:39,6,,,,
8/07/2020 7:09,5,,,,
8/07/2020 15:47,6,,,,
8/07/2020 19:00,5,,,,
9/07/2020 7:53,4,,,,
9/07/2020 8:16,3,,,,
9/07/2020 11:05,4,,,,
9/07/2020 12:05,5,,,,
9/07/2020 17:11,6,,,,
9/07/2020 19:51,5,,,,
10/07/2020 2:11,6,,,,
10/07/2020 3:11,7,,,,
10/07/2020 8:11,6,,,,
10/07/2020 12:08,5,,,,
10/07/2020 12:53,6,,,,
10/07/2020 15:29,7,,,,
10/07/2020 16:08,6,,,,
10/07/2020 16:39,5,,,,
11/07/2020 1:44,4,,,,
11/07/2020 6:39,3,,,,
11/07/2020 12:41,4,,,,
11/07/2020 16:53,5,,,,
11/07/2020 20:52,4,,,,
11/07/2020 21:11,5,,,,
12/07/2020 0:29,6,,,,
12/07/2020 5:59,7,,,,
12/07/2020 6:37,6,,,,
12/07/2020 9:39,5,,,,
12/07/2020 10:08,4,,,,
12/07/2020 14:26,3,,,,
12/07/2020 19:29,4,,,,
12/07/2020 21:17,5,,,,
13/07/2020 3:35,6,,,,
13/07/2020 6:36,5,,,,
13/07/2020 7:11,6,,,,
13/07/2020 10:21,5,,,,
13/07/2020 10:29,6,,,,
13/07/2020 10:44,5,,,,
13/07/2020 14:11,6,,,,
13/07/2020 15:38,5,,,,
14/07/2020 1:11,6,,,,
14/07/2020 3:24,5,,,,
14/07/2020 3:47,4,,,,
14/07/2020 8:11,5,,,,
14/07/2020 10:55,4,,,,
14/07/2020 12:05,5,,,,
14/07/2020 12:11,6,,,,
14/07/2020 15:15,5,,,,
14/07/2020 15:35,6,,,,
15/07/2020 0:05,7,,,,
15/07/2020 1:53,8,,,,
15/07/2020 6:35,7,,,,
15/07/2020 7:06,6,,,,
15/07/2020 12:56,5,,,,
15/07/2020 19:53,6,,,,
15/07/2020 23:45,5,,,,
16/07/2020 6:53,6,,,,
16/07/2020 9:47,7,,,,
16/07/2020 12:36,6,,,,
16/07/2020 20:17,7,,,,
16/07/2020 20:47,6,,,,
17/07/2020 0:45,5,,,,
17/07/2020 0:47,7,,,,
17/07/2020 1:53,8,,,,
17/07/2020 4:23,9,,,,
17/07/2020 6:09,8,,,,
17/07/2020 13:37,7,,,,
17/07/2020 15:29,8,,,,
17/07/2020 16:17,9,,,,
17/07/2020 18:11,10,,,,
17/07/2020 19:22,9,,,,
17/07/2020 21:42,8,,,,
18/07/2020 1:57,7,,,,
18/07/2020 9:57,6,,,,
18/07/2020 10:17,7,,,,
18/07/2020 11:53,8,,,,
18/07/2020 20:17,9,,,,
18/07/2020 21:19,8,,,,
18/07/2020 23:53,9,,,,
19/07/2020 3:26,8,,,,
19/07/2020 3:49,7,,,,
19/07/2020 4:17,8,,,,
19/07/2020 7:56,7,,,,
19/07/2020 11:35,8,,,,
19/07/2020 15:48,7,,,,
19/07/2020 20:29,8,,,,
19/07/2020 23:54,7,,,,
20/07/2020 4:30,6,,,,
20/07/2020 5:47,7,,,,
20/07/2020 6:32,6,,,,
20/07/2020 12:38,5,,,,
20/07/2020 12:41,6,,,,
20/07/2020 16:50,5,,,,
20/07/2020 18:23,6,,,,
20/07/2020 18:53,7,,,,
21/07/2020 0:34,6,,,,
21/07/2020 6:31,5,,,,
21/07/2020 7:11,6,,,,
21/07/2020 10:29,7,,,,
21/07/2020 11:05,8,,,,
21/07/2020 14:10,7,,,,
21/07/2020 15:59,8,,,,
21/07/2020 17:47,7,,,,
22/07/2020 0:47,8,,,,
22/07/2020 4:41,9,,,,
22/07/2020 6:30,8,,,,
22/07/2020 7:00,7,,,,
22/07/2020 10:00,6,,,,
22/07/2020 18:40,5,,,,
22/07/2020 22:11,6,,,,
23/07/2020 6:30,5,,,,
23/07/2020 17:23,6,,,,
23/07/2020 19:38,5,,,,
23/07/2020 23:47,6,,,,
24/07/2020 1:29,7,,,,
24/07/2020 2:41,8,,,,
24/07/2020 6:29,7,,,,
24/07/2020 9:17,6,,,,
24/07/2020 9:50,5,,,,
24/07/2020 10:10,4,,,,
24/07/2020 12:30,3,,,,
24/07/2020 21:17,4,,,,
25/07/2020 1:17,5,,,,
25/07/2020 4:54,4,,,,
25/07/2020 6:29,5,,,,
25/07/2020 7:29,6,,,,
25/07/2020 9:04,5,,,,
25/07/2020 9:24,4,,,,
25/07/2020 17:26,3,,,,
25/07/2020 21:29,4,,,,
26/07/2020 0:35,5,,,,
26/07/2020 5:11,6,,,,
26/07/2020 9:46,5,,,,
26/07/2020 10:16,4,,,,
26/07/2020 11:53,5,,,,
26/07/2020 14:17,6,,,,
26/07/2020 16:50,5,,,,
27/07/2020 6:26,4,,,,
27/07/2020 10:19,3,,,,
27/07/2020 16:05,4,,,,
27/07/2020 20:29,5,,,,
27/07/2020 22:17,6,,,,
27/07/2020 22:22,5,,,,
28/07/2020 4:59,6,,,,
28/07/2020 11:10,5,,,,
28/07/2020 11:42,4,,,,
28/07/2020 19:41,5,,,,
28/07/2020 20:05,6,,,,
28/07/2020 20:14,5,,,,
28/07/2020 20:59,6,,,,
29/07/2020 1:17,7,,,,
29/07/2020 2:53,8,,,,
29/07/2020 4:05,9,,,,
29/07/2020 7:16,8,,,,
29/07/2020 16:35,9,,,,
29/07/2020 17:05,10,,,,
29/07/2020 20:59,11,,,,
29/07/2020 23:41,12,,,,
30/07/2020 0:32,11,,,,
30/07/2020 2:25,10,,,,
30/07/2020 4:23,11,,,,
30/07/2020 5:29,12,,,,
30/07/2020 7:41,13,,,,
30/07/2020 8:59,14,,,,
30/07/2020 11:47,15,,,,
30/07/2020 12:27,14,,,,
30/07/2020 15:39,13,,,,
30/07/2020 21:53,14,,,,
31/07/2020 0:23,15,,,,
31/07/2020 4:11,16,,,,
31/07/2020 5:29,17,,,,
31/07/2020 6:23,16,,,,
31/07/2020 6:53,15,,,,
31/07/2020 10:23,16,,,,
31/07/2020 13:19,15,,,,
31/07/2020 16:17,16,,,,
1/08/2020 1:47,15,,,,
1/08/2020 2:07,14,,,,
1/08/2020 8:35,15,,,,
1/08/2020 14:38,14,,,,
1/08/2020 15:08,13,,,,
1/08/2020 15:39,12,,,,
1/08/2020 19:35,13,,,,
1/08/2020 22:41,15,,,,
2/08/2020 1:53,16,,,,
2/08/2020 1:57,15,,,,
2/08/2020 4:12,14,,,,
2/08/2020 7:11,15,,,,
2/08/2020 8:53,16,,,,
2/08/2020 10:59,17,,,,
2/08/2020 12:29,18,,,,
2/08/2020 15:22,17,,,,
3/08/2020 0:17,18,,,,
3/08/2020 4:59,19,,,,
3/08/2020 6:20,18,,,,
3/08/2020 8:40,17,,,,
3/08/2020 16:19,16,,,,
3/08/2020 16:42,15,,,,
3/08/2020 21:35,16,,,,
4/08/2020 1:48,15,,,,
4/08/2020 6:19,14,,,,
4/08/2020 9:05,15,,,,
4/08/2020 11:11,16,,,,
4/08/2020 14:29,17,,,,
4/08/2020 17:10,16,,,,
4/08/2020 17:33,15,,,,
4/08/2020 19:43,14,,,,
5/08/2020 6:17,15,,,,
5/08/2020 6:47,16,,,,
5/08/2020 16:41,17,,,,
5/08/2020 19:25,16,,,,
5/08/2020 19:48,15,,,,
6/08/2020 6:28,14,,,,
6/08/2020 10:11,13,,,,
6/08/2020 10:44,12,,,,
6/08/2020 16:07,11,,,,
6/08/2020 17:11,12,,,,
6/08/2020 22:59,11,,,,
7/08/2020 3:11,12,,,,
7/08/2020 6:16,11,,,,
7/08/2020 7:11,12,,,,
7/08/2020 10:55,11,,,,
7/08/2020 17:03,10,,,,
7/08/2020 19:18,9,,,,
8/08/2020 7:44,8,,,,
8/08/2020 10:05,7,,,,
8/08/2020 14:41,8,,,,
8/08/2020 15:41,9,,,,
9/08/2020 3:29,10,,,,
9/08/2020 6:13,9,,,,
9/08/2020 8:38,8,,,,
9/08/2020 11:59,9,,,,
9/08/2020 13:59,8,,,,
10/08/2020 0:42,7,,,,
10/08/2020 2:53,8,,,,
10/08/2020 6:12,7,,,,
10/08/2020 13:35,8,,,,
11/08/2020 4:53,9,,,,
11/08/2020 5:18,8,,,,
11/08/2020 6:11,7,,,,
11/08/2020 7:41,8,,,,
11/08/2020 14:47,9,,,,
11/08/2020 15:29,10,,,,
11/08/2020 17:24,9,,,,
12/08/2020 4:47,10,,,,
12/08/2020 5:12,9,,,,
12/08/2020 6:10,8,,,,
12/08/2020 11:25,7,,,,
12/08/2020 13:05,8,,,,
12/08/2020 13:30,7,,,,
12/08/2020 18:41,8,,,,
12/08/2020 19:05,9,,,,
12/08/2020 23:47,10,,,,
13/08/2020 6:09,9,,,,
13/08/2020 8:29,8,,,,
13/08/2020 14:03,7,,,,
13/08/2020 17:05,8,,,,
13/08/2020 17:16,7,,,,
13/08/2020 22:53,8,,,,
14/08/2020 8:35,7,,,,
14/08/2020 9:23,8,,,,
14/08/2020 9:59,9,,,,
14/08/2020 11:59,10,,,,
14/08/2020 13:47,12,,,,
14/08/2020 16:03,11,,,,
14/08/2020 19:30,10,,,,
14/08/2020 22:23,11,,,,
14/08/2020 22:34,10,,,,
15/08/2020 3:23,11,,,,
15/08/2020 8:23,12,,,,
15/08/2020 13:23,11,,,,
15/08/2020 13:53,10,,,,
15/08/2020 14:23,11,,,,
16/08/2020 0:53,12,,,,
16/08/2020 1:35,13,,,,
16/08/2020 2:06,12,,,,
16/08/2020 6:05,11,,,,
16/08/2020 14:24,10,,,,
16/08/2020 15:59,11,,,,
16/08/2020 19:01,10,,,,
17/08/2020 6:04,9,,,,
17/08/2020 6:34,8,,,,
17/08/2020 8:54,7,,,,
17/08/2020 10:59,8,,,,
17/08/2020 13:11,9,,,,
17/08/2020 15:35,8,,,,
17/08/2020 16:08,7,,,,
17/08/2020 21:53,8,,,,
17/08/2020 23:41,7,,,,
18/08/2020 0:17,8,,,,
18/08/2020 16:38,7,,,,
18/08/2020 17:08,6,,,,
18/08/2020 19:23,7,,,,
18/08/2020 23:49,6,,,,
19/08/2020 17:34,5,,,,
19/08/2020 18:11,6,,,,
19/08/2020 20:23,5,,,,
20/08/2020 6:18,4,,,,
20/08/2020 9:05,5,,,,
20/08/2020 11:35,6,,,,
20/08/2020 18:25,5,,,,
21/08/2020 0:17,6,,,,
21/08/2020 5:35,7,,,,
21/08/2020 7:04,6,,,,
21/08/2020 7:47,7,,,,
21/08/2020 9:50,6,,,,
21/08/2020 10:29,7,,,,
21/08/2020 14:29,8,,,,
21/08/2020 21:43,7,,,,
22/08/2020 1:29,8,,,,
22/08/2020 5:58,7,,,,
22/08/2020 6:28,6,,,,
22/08/2020 6:59,5,,,,
22/08/2020 9:19,4,,,,
22/08/2020 9:47,5,,,,
22/08/2020 16:46,4,,,,
23/08/2020 8:36,3,,,,
23/08/2020 9:06,2,,,,
23/08/2020 13:23,3,,,,
23/08/2020 14:11,4,,,,
23/08/2020 17:53,5,,,,
23/08/2020 19:29,6,,,,
23/08/2020 20:35,5,,,,
23/08/2020 21:05,6,,,,
23/08/2020 21:35,7,,,,
23/08/2020 23:35,8,,,,
24/08/2020 6:59,9,,,,
24/08/2020 9:15,8,,,,
24/08/2020 9:38,7,,,,
24/08/2020 9:53,8,,,,
24/08/2020 16:05,9,,,,
24/08/2020 21:14,8,,,,
25/08/2020 1:47,7,,,,
25/08/2020 5:54,6,,,,
25/08/2020 9:41,5,,,,
25/08/2020 16:17,4,,,,
25/08/2020 20:41,5,,,,
26/08/2020 6:23,6,,,,
26/08/2020 10:27,5,,,,
26/08/2020 11:00,4,,,,
26/08/2020 13:10,3,,,,
26/08/2020 17:11,4,,,,
26/08/2020 21:11,5,,,,
27/08/2020 0:36,4,,,,
27/08/2020 1:41,5,,,,
27/08/2020 7:35,6,,,,
27/08/2020 10:47,7,,,,
27/08/2020 10:56,6,,,,
27/08/2020 10:59,7,,,,
27/08/2020 14:02,6,,,,
27/08/2020 16:47,7,,,,
27/08/2020 23:35,8,,,,
28/08/2020 7:41,9,,,,
28/08/2020 10:53,10,,,,
28/08/2020 11:45,9,,,,
28/08/2020 12:16,8,,,,
28/08/2020 14:59,9,,,,
29/08/2020 0:24,8,,,,
29/08/2020 0:57,7,,,,
29/08/2020 5:49,6,,,,
29/08/2020 7:29,7,,,,
29/08/2020 11:29,8,,,,
29/08/2020 12:25,7,,,,
30/08/2020 1:04,6,,,,
30/08/2020 4:53,7,,,,
30/08/2020 8:54,6,,,,
30/08/2020 11:23,7,,,,
30/08/2020 12:29,8,,,,
30/08/2020 12:41,9,,,,
30/08/2020 13:23,8,,,,
30/08/2020 14:47,9,,,,
31/08/2020 2:18,8,,,,
31/08/2020 14:11,9,,,,
31/08/2020 14:38,8,,,,
31/08/2020 15:09,7,,,,
31/08/2020 23:41,8,,,,
1/09/2020 3:40,7,,,,
1/09/2020 4:03,6,,,,
1/09/2020 8:17,7,,,,
1/09/2020 10:53,8,,,,
1/09/2020 12:35,9,,,,
1/09/2020 15:35,8,,,,
1/09/2020 15:55,7,,,,
1/09/2020 22:11,8,,,,
2/09/2020 1:02,7,,,,
2/09/2020 5:44,6,,,,
2/09/2020 6:15,5,,,,
2/09/2020 6:23,6,,,,
2/09/2020 8:35,5,,,,
2/09/2020 9:29,6,,,,
2/09/2020 16:02,5,,,,
2/09/2020 19:02,4,,,,
3/09/2020 6:57,3,,,,
3/09/2020 11:47,4,,,,
3/09/2020 18:27,3,,,,
4/09/2020 1:59,2,,,,
4/09/2020 2:22,1,,,,
4/09/2020 2:35,2,,,,
4/09/2020 2:59,3,,,,
4/09/2020 5:41,2,,,,
4/09/2020 8:17,3,,,,
4/09/2020 13:40,2,,,,
4/09/2020 16:00,1,,,,
5/09/2020 7:41,2,,,,
5/09/2020 7:49,1,,,,
5/09/2020 12:29,2,,,,
5/09/2020 14:05,3,,,,
5/09/2020 14:26,2,,,,
5/09/2020 15:59,3,,,,
5/09/2020 22:40,2,,,,
6/09/2020 5:38,1,,,,
6/09/2020 8:14,0,,,,
7/09/2020 2:47,1,,,,
7/09/2020 3:12,0,,,,
7/09/2020 15:35,2,,,,
7/09/2020 16:00,1,,,,
7/09/2020 16:30,0,,,,
8/09/2020 3:17,1,,,,
8/09/2020 3:42,0,,,,
8/09/2020 10:47,1,,,,
8/09/2020 11:12,0,,,,
8/09/2020 16:23,1,,,,
8/09/2020 16:48,0,,,,
9/09/2020 5:41,1,,,,
9/09/2020 6:06,0,,,,
9/09/2020 7:41,1,,,,
9/09/2020 8:06,0,,,,
9/09/2020 23:23,1,,,,
9/09/2020 23:48,0,,,,
10/09/2020 18:17,1,,,,
10/09/2020 18:42,0,,,,
11/09/2020 7:11,1,,,,
11/09/2020 7:36,0,,,,
11/09/2020 18:23,1,,,,
11/09/2020 18:48,0,,,,
12/09/2020 3:11,1,,,,
12/09/2020 3:36,0,,,,
12/09/2020 12:05,1,,,,
12/09/2020 12:30,0,,,,
12/09/2020 13:29,1,,,,
12/09/2020 13:59,2,,,,
12/09/2020 14:50,1,,,,
12/09/2020 15:23,0,,,,
12/09/2020 20:47,1,,,,
13/09/2020 1:42,0,,,,
13/09/2020 7:05,1,,,,
13/09/2020 7:30,0,,,,
13/09/2020 10:05,1,,,,
13/09/2020 11:53,2,,,,
13/09/2020 13:55,1,,,,
13/09/2020 16:05,0,,,,
14/09/2020 21:29,1,,,,
14/09/2020 21:54,0,,,,
14/09/2020 22:05,1,,,,
14/09/2020 22:30,0,,,,
15/09/2020 11:47,1,,,,
15/09/2020 12:12,0,,,,
16/09/2020 3:17,1,,,,
16/09/2020 3:42,0,,,,
16/09/2020 6:05,1,,,,
16/09/2020 6:30,0,,,,
16/09/2020 12:23,1,,,,
16/09/2020 12:48,0,,,,
16/09/2020 14:05,1,,,,
16/09/2020 14:30,0,,,,
16/09/2020 18:47,1,,,,
16/09/2020 19:12,0,,,,
16/09/2020 19:53,1,,,,
16/09/2020 22:05,2,,,,
17/09/2020 6:13,1,,,,
17/09/2020 8:05,2,,,,
17/09/2020 9:11,3,,,,
17/09/2020 14:11,4,,,,
17/09/2020 14:37,3,,,,
17/09/2020 23:35,4,,,,
18/09/2020 1:59,5,,,,
18/09/2020 3:12,4,,,,
18/09/2020 5:22,3,,,,
18/09/2020 11:05,4,,,,
18/09/2020 12:29,5,,,,
18/09/2020 15:05,6,,,,
18/09/2020 22:29,7,,,,
19/09/2020 5:20,6,,,,
19/09/2020 8:04,5,,,,
19/09/2020 8:27,4,,,,
19/09/2020 8:47,3,,,,
19/09/2020 11:18,2,,,,
19/09/2020 20:23,3,,,,
19/09/2020 23:17,2,,,,
19/09/2020 23:53,3,,,,
20/09/2020 5:19,2,,,,
20/09/2020 8:21,1,,,,
20/09/2020 15:21,0,,,,
21/09/2020 3:17,1,,,,
21/09/2020 5:18,0,,,,
21/09/2020 12:11,1,,,,
21/09/2020 12:36,0,,,,
21/09/2020 20:05,1,,,,
21/09/2020 22:11,2,,,,
22/09/2020 5:16,1,,,,
22/09/2020 5:46,0,,,,
22/09/2020 8:05,1,,,,
22/09/2020 9:11,2,,,,
22/09/2020 9:32,1,,,,
22/09/2020 10:05,0,,,,
22/09/2020 20:53,1,,,,
22/09/2020 21:48,0,,,,
23/09/2020 4:05,1,,,,
23/09/2020 4:30,0,,,,
23/09/2020 5:41,1,,,,
23/09/2020 8:41,2,,,,
23/09/2020 10:16,1,,,,
23/09/2020 10:41,2,,,,
23/09/2020 10:46,1,,,,
23/09/2020 19:11,2,,,,
23/09/2020 22:35,1,,,,
24/09/2020 10:05,2,,,,
24/09/2020 10:49,1,,,,
24/09/2020 11:10,0,,,,
24/09/2020 15:29,1,,,,
24/09/2020 15:54,0,,,,
25/09/2020 14:29,1,,,,
25/09/2020 14:54,0,,,,
26/09/2020 4:47,1,,,,
26/09/2020 5:12,0,,,,
26/09/2020 6:17,1,,,,
26/09/2020 8:29,2,,,,
26/09/2020 8:54,1,,,,
26/09/2020 13:17,2,,,,
26/09/2020 13:42,1,,,,
26/09/2020 14:11,2,,,,
26/09/2020 16:59,3,,,,
26/09/2020 17:24,2,,,,
26/09/2020 17:59,3,,,,
26/09/2020 20:23,4,,,,
27/09/2020 0:41,5,,,,
27/09/2020 1:06,4,,,,
27/09/2020 6:53,5,,,,
27/09/2020 10:06,4,,,,
28/09/2020 9:11,5,,,,
28/09/2020 10:05,6,,,,
28/09/2020 14:47,7,,,,
28/09/2020 16:05,8,,,,
28/09/2020 16:30,7,,,,
28/09/2020 21:23,8,,,,
29/09/2020 0:59,9,,,,
29/09/2020 1:24,8,,,,
29/09/2020 7:47,9,,,,
29/09/2020 8:47,10,,,,
29/09/2020 9:12,9,,,,
29/09/2020 9:41,10,,,,
29/09/2020 15:59,11,,,,
29/09/2020 18:56,10,,,,
29/09/2020 19:05,11,,,,
30/09/2020 3:51,10,,,,
30/09/2020 5:06,9,,,,
30/09/2020 5:36,8,,,,
30/09/2020 10:11,7,,,,
30/09/2020 14:53,8,,,,
30/09/2020 15:42,7,,,,
1/10/2020 4:23,8,,,,
1/10/2020 4:50,7,,,,
1/10/2020 16:44,6,,,,
2/10/2020 1:53,7,,,,
2/10/2020 5:48,6,,,,
2/10/2020 6:11,5,,,,
2/10/2020 15:17,6,,,,
2/10/2020 17:38,5,,,,
2/10/2020 23:35,6,,,,
3/10/2020 1:35,7,,,,
3/10/2020 3:35,8,,,,
3/10/2020 6:30,7,,,,
3/10/2020 7:01,6,,,,
3/10/2020 7:31,5,,,,
3/10/2020 12:26,4,,,,
3/10/2020 12:35,5,,,,
3/10/2020 14:41,6,,,,
4/10/2020 4:17,7,,,,
4/10/2020 7:12,6,,,,
4/10/2020 7:35,5,,,,
4/10/2020 8:47,6,,,,
4/10/2020 16:17,7,,,,
4/10/2020 19:20,6,,,,
5/10/2020 0:13,5,,,,
5/10/2020 5:00,4,,,,
5/10/2020 8:06,3,,,,
5/10/2020 8:37,2,,,,
5/10/2020 15:29,3,,,,
5/10/2020 19:59,2,,,,
6/10/2020 1:05,3,,,,
6/10/2020 2:23,4,,,,
6/10/2020 8:35,3,,,,
6/10/2020 8:58,2,,,,
6/10/2020 20:48,1,,,,
7/10/2020 3:35,2,,,,
7/10/2020 4:11,3,,,,
7/10/2020 9:11,2,,,,
7/10/2020 16:11,3,,,,
7/10/2020 17:34,2,,,,
7/10/2020 18:43,1,,,,
7/10/2020 22:17,2,,,,
8/10/2020 0:47,3,,,,
8/10/2020 2:17,4,,,,
8/10/2020 5:41,5,,,,
8/10/2020 5:50,4,,,,
8/10/2020 8:43,3,,,,
8/10/2020 13:41,4,,,,
8/10/2020 19:59,5,,,,
8/10/2020 21:59,6,,,,
8/10/2020 22:33,5,,,,
9/10/2020 3:59,6,,,,
9/10/2020 10:46,5,,,,
9/10/2020 13:17,4,,,,
10/10/2020 3:29,5,,,,
10/10/2020 3:54,4,,,,
10/10/2020 10:05,5,,,,
10/10/2020 11:39,4,,,,
10/10/2020 17:26,3,,,,
10/10/2020 17:47,4,,,,
10/10/2020 18:12,3,,,,
10/10/2020 18:17,4,,,,
11/10/2020 1:41,5,,,,
11/10/2020 6:41,6,,,,
11/10/2020 12:45,5,,,,
11/10/2020 12:47,6,,,,
11/10/2020 13:08,5,,,,
12/10/2020 1:29,6,,,,
12/10/2020 1:58,5,,,,
12/10/2020 4:51,4,,,,
12/10/2020 5:21,3,,,,
12/10/2020 12:17,4,,,,
12/10/2020 12:39,3,,,,
12/10/2020 13:10,2,,,,
12/10/2020 17:28,1,,,,
13/10/2020 14:54,0,,,,
14/10/2020 11:05,1,,,,
14/10/2020 11:30,0,,,,
14/10/2020 19:29,1,,,,
14/10/2020 23:29,2,,,,
14/10/2020 23:54,1,,,,
15/10/2020 4:59,0,,,,
15/10/2020 21:23,1,,,,
15/10/2020 21:29,2,,,,
15/10/2020 21:48,1,,,,
16/10/2020 4:47,0,,,,
16/10/2020 6:59,1,,,,
16/10/2020 7:24,0,,,,
16/10/2020 12:29,1,,,,
16/10/2020 12:54,0,,,,
16/10/2020 17:23,1,,,,
16/10/2020 17:48,0,,,,
16/10/2020 20:05,1,,,,
16/10/2020 20:30,0,,,,
16/10/2020 22:41,1,,,,
17/10/2020 3:35,2,,,,
17/10/2020 6:36,1,,,,
17/10/2020 14:11,2,,,,
17/10/2020 18:51,1,,,,
17/10/2020 20:27,0,,,,
18/10/2020 6:29,1,,,,
18/10/2020 7:25,0,,,,
18/10/2020 12:29,1,,,,
18/10/2020 12:35,2,,,,
18/10/2020 12:54,1,,,,
18/10/2020 16:14,0,,,,
19/10/2020 3:47,1,,,,
19/10/2020 4:54,0,,,,
19/10/2020 6:59,1,,,,
19/10/2020 7:24,0,,,,
19/10/2020 10:17,1,,,,
19/10/2020 10:42,0,,,,
19/10/2020 10:53,1,,,,
19/10/2020 11:18,0,,,,
19/10/2020 15:05,1,,,,
19/10/2020 16:17,2,,,,
19/10/2020 20:08,1,,,,
19/10/2020 22:18,0,,,,
20/10/2020 1:41,1,,,,
20/10/2020 2:06,0,,,,
20/10/2020 8:53,1,,,,
20/10/2020 9:17,2,,,,
20/10/2020 9:18,1,,,,
20/10/2020 11:05,2,,,,
20/10/2020 14:35,3,,,,
20/10/2020 15:00,2,,,,
20/10/2020 20:47,1,,,,
20/10/2020 22:53,2,,,,
21/10/2020 1:47,3,,,,
21/10/2020 6:17,4,,,,
21/10/2020 7:41,5,,,,
21/10/2020 9:02,4,,,,
21/10/2020 9:32,3,,,,
21/10/2020 9:35,4,,,,
21/10/2020 17:23,5,,,,
21/10/2020 18:53,6,,,,
22/10/2020 5:05,7,,,,
22/10/2020 7:47,8,,,,
22/10/2020 9:44,7,,,,
22/10/2020 10:05,6,,,,
22/10/2020 13:38,5,,,,
23/10/2020 1:29,7,,,,
23/10/2020 2:11,8,,,,
23/10/2020 2:49,7,,,,
23/10/2020 4:29,8,,,,
23/10/2020 9:41,9,,,,
23/10/2020 9:59,10,,,,
23/10/2020 10:10,9,,,,
23/10/2020 11:29,10,,,,
23/10/2020 16:56,9,,,,
23/10/2020 21:11,10,,,,
23/10/2020 23:03,9,,,,
23/10/2020 23:26,8,,,,
23/10/2020 23:46,7,,,,
24/10/2020 4:36,6,,,,
24/10/2020 11:38,5,,,,
24/10/2020 12:41,6,,,,
24/10/2020 13:47,7,,,,
24/10/2020 16:20,6,,,,
25/10/2020 5:59,7,,,,
25/10/2020 10:23,8,,,,
25/10/2020 11:32,7,,,,
25/10/2020 12:03,6,,,,
25/10/2020 15:59,7,,,,
25/10/2020 18:05,8,,,,
25/10/2020 19:03,7,,,,
26/10/2020 0:22,6,,,,
26/10/2020 0:53,5,,,,
26/10/2020 7:47,6,,,,
26/10/2020 11:41,7,,,,
26/10/2020 12:04,6,,,,
26/10/2020 14:23,7,,,,
26/10/2020 22:35,8,,,,
27/10/2020 1:14,7,,,,
27/10/2020 1:44,6,,,,
27/10/2020 1:59,7,,,,
27/10/2020 8:04,6,,,,
27/10/2020 10:59,7,,,,
27/10/2020 12:59,6,,,,
27/10/2020 13:29,5,,,,
27/10/2020 15:17,6,,,,
27/10/2020 17:29,7,,,,
27/10/2020 22:53,8,,,,
28/10/2020 1:11,9,,,,
28/10/2020 4:36,8,,,,
28/10/2020 5:17,9,,,,
28/10/2020 7:17,10,,,,
28/10/2020 9:47,11,,,,
28/10/2020 13:54,10,,,,
28/10/2020 14:25,9,,,,
28/10/2020 15:29,10,,,,
29/10/2020 2:05,11,,,,
29/10/2020 3:05,12,,,,
29/10/2020 4:35,11,,,,
29/10/2020 14:56,10,,,,
29/10/2020 15:29,9,,,,
29/10/2020 16:35,10,,,,
29/10/2020 19:47,11,,,,
30/10/2020 2:59,12,,,,
30/10/2020 3:11,13,,,,
30/10/2020 4:12,12,,,,
30/10/2020 4:36,11,,,,
30/10/2020 9:17,12,,,,
30/10/2020 10:17,11,,,,
30/10/2020 15:35,12,,,,
30/10/2020 15:41,13,,,,
30/10/2020 19:59,14,,,,
31/10/2020 3:05,15,,,,
31/10/2020 4:56,14,,,,
31/10/2020 5:29,13,,,,
31/10/2020 12:05,14,,,,
31/10/2020 12:09,13,,,,
31/10/2020 13:11,14,,,,
31/10/2020 16:54,13,,,,
1/11/2020 4:33,12,,,,
1/11/2020 7:07,11,,,,
1/11/2020 7:38,10,,,,
1/11/2020 9:23,11,,,,
1/11/2020 17:35,12,,,,
1/11/2020 17:50,11,,,,
2/11/2020 6:39,10,,,,
2/11/2020 7:09,9,,,,
2/11/2020 18:54,8,,,,
3/11/2020 4:31,7,,,,
3/11/2020 5:17,8,,,,
3/11/2020 7:24,7,,,,
3/11/2020 7:44,6,,,,
3/11/2020 16:11,7,,,,
4/11/2020 4:30,6,,,,
4/11/2020 7:23,7,,,,
4/11/2020 8:12,6,,,,
4/11/2020 8:45,5,,,,
4/11/2020 16:05,6,,,,
4/11/2020 17:28,5,,,,
5/11/2020 0:17,6,,,,
5/11/2020 4:30,5,,,,
5/11/2020 6:23,6,,,,
5/11/2020 6:50,5,,,,
6/11/2020 4:29,4,,,,
6/11/2020 9:41,3,,,,
6/11/2020 16:41,4,,,,
6/11/2020 21:23,5,,,,
6/11/2020 21:41,6,,,,
6/11/2020 22:24,5,,,,
7/11/2020 1:41,6,,,,
7/11/2020 4:11,7,,,,
7/11/2020 10:42,6,,,,
7/11/2020 11:15,5,,,,
7/11/2020 12:17,6,,,,
7/11/2020 16:23,7,,,,
7/11/2020 23:32,6,,,,
7/11/2020 23:55,5,,,,
8/11/2020 2:10,4,,,,
8/11/2020 8:31,3,,,,
8/11/2020 11:24,2,,,,
8/11/2020 22:16,1,,,,
9/11/2020 4:28,0,,,,
9/11/2020 10:29,1,,,,
9/11/2020 11:35,2,,,,
9/11/2020 15:03,1,,,,
9/11/2020 21:04,0,,,,
10/11/2020 1:23,1,,,,
10/11/2020 4:27,0,,,,
10/11/2020 6:35,1,,,,
10/11/2020 7:00,0,,,,
10/11/2020 10:53,1,,,,
10/11/2020 13:05,2,,,,
10/11/2020 13:14,1,,,,
10/11/2020 16:24,0,,,,
11/11/2020 10:11,1,,,,
11/11/2020 10:36,0,,,,
11/11/2020 15:17,1,,,,
11/11/2020 15:29,2,,,,
11/11/2020 15:42,1,,,,
11/11/2020 16:15,0,,,,
12/11/2020 3:47,1,,,,
12/11/2020 11:15,0,,,,
12/11/2020 16:35,1,,,,
12/11/2020 17:00,0,,,,
13/11/2020 9:05,1,,,,
13/11/2020 9:30,0,,,,
13/11/2020 17:17,1,,,,
13/11/2020 17:42,0,,,,
13/11/2020 21:05,1,,,,
13/11/2020 21:30,0,,,,
14/11/2020 1:11,1,,,,
14/11/2020 1:23,2,,,,
14/11/2020 1:48,1,,,,
14/11/2020 4:25,0,,,,
15/11/2020 16:29,1,,,,
15/11/2020 18:16,0,,,,
15/11/2020 20:23,1,,,,
15/11/2020 21:17,2,,,,
15/11/2020 21:42,1,,,,
16/11/2020 2:17,2,,,,
16/11/2020 2:42,1,,,,
16/11/2020 4:25,0,,,,
16/11/2020 10:35,1,,,,
16/11/2020 11:00,0,,,,
16/11/2020 15:23,1,,,,
16/11/2020 15:35,2,,,,
16/11/2020 17:01,1,,,,
16/11/2020 18:29,2,,,,
16/11/2020 19:38,1,,,,
16/11/2020 22:05,2,,,,
17/11/2020 1:47,3,,,,
17/11/2020 4:32,2,,,,
17/11/2020 6:53,3,,,,
17/11/2020 7:59,4,,,,
17/11/2020 12:05,5,,,,
17/11/2020 18:35,6,,,,
17/11/2020 19:46,5,,,,
17/11/2020 21:35,6,,,,
17/11/2020 22:18,5,,,,
17/11/2020 22:53,6,,,,
17/11/2020 23:35,7,,,,
18/11/2020 11:11,8,,,,
18/11/2020 20:26,7,,,,
19/11/2020 4:24,6,,,,
19/11/2020 8:38,5,,,,
19/11/2020 11:29,6,,,,
19/11/2020 22:09,5,,,,
20/11/2020 0:19,4,,,,
20/11/2020 12:05,5,,,,
20/11/2020 21:45,4,,,,
21/11/2020 4:33,3,,,,
21/11/2020 9:47,2,,,,
21/11/2020 11:57,1,,,,
21/11/2020 21:53,2,,,,
22/11/2020 1:17,3,,,,
22/11/2020 2:53,4,,,,
22/11/2020 4:23,3,,,,
22/11/2020 4:54,2,,,,
22/11/2020 4:59,3,,,,
22/11/2020 6:23,4,,,,
22/11/2020 6:29,5,,,,
22/11/2020 11:17,6,,,,
22/11/2020 11:23,7,,,,
22/11/2020 11:24,6,,,,
22/11/2020 14:59,5,,,,
22/11/2020 19:35,6,,,,
23/11/2020 0:47,7,,,,
23/11/2020 4:35,8,,,,
23/11/2020 4:47,9,,,,
23/11/2020 11:08,8,,,,
23/11/2020 11:29,7,,,,
23/11/2020 11:35,8,,,,
23/11/2020 13:53,9,,,,
23/11/2020 14:29,10,,,,
23/11/2020 19:11,11,,,,
23/11/2020 22:41,12,,,,
24/11/2020 4:23,11,,,,
24/11/2020 11:38,10,,,,
24/11/2020 13:23,11,,,,
24/11/2020 21:13,10,,,,
25/11/2020 4:23,9,,,,
25/11/2020 4:47,10,,,,
25/11/2020 8:27,9,,,,
25/11/2020 10:59,10,,,,
25/11/2020 13:47,11,,,,
25/11/2020 17:11,12,,,,
25/11/2020 21:17,13,,,,
25/11/2020 21:26,12,,,,
25/11/2020 23:11,13,,,,
25/11/2020 23:35,14,,,,
26/11/2020 4:23,13,,,,
26/11/2020 4:41,14,,,,
26/11/2020 13:49,13,,,,
26/11/2020 19:47,14,,,,
27/11/2020 4:23,13,,,,
27/11/2020 5:29,14,,,,
27/11/2020 9:53,15,,,,
27/11/2020 11:47,16,,,,
27/11/2020 13:59,15,,,,
27/11/2020 18:17,16,,,,
27/11/2020 22:59,17,,,,
28/11/2020 2:59,18,,,,
28/11/2020 3:15,17,,,,
28/11/2020 15:14,16,,,,
28/11/2020 15:44,15,,,,
28/11/2020 17:17,16,,,,
28/11/2020 18:35,17,,,,
29/11/2020 4:12,16,,,,
29/11/2020 13:11,17,,,,
29/11/2020 16:13,16,,,,
29/11/2020 21:17,17,,,,
30/11/2020 5:07,16,,,,
30/11/2020 11:54,15,,,,
30/11/2020 16:23,16,,,,
30/11/2020 17:17,17,,,,
30/11/2020 17:20,16,,,,
30/11/2020 20:47,17,,,,
30/11/2020 23:23,18,,,,
1/12/2020 5:59,17,,,,
1/12/2020 8:29,18,,,,
1/12/2020 9:35,19,,,,
1/12/2020 11:05,20,,,,
1/12/2020 18:23,19,,,,
2/12/2020 0:17,20,,,,
2/12/2020 1:05,21,,,,
2/12/2020 1:47,22,,,,
2/12/2020 4:23,21,,,,
2/12/2020 6:51,20,,,,
2/12/2020 9:59,21,,,,
2/12/2020 15:53,22,,,,
2/12/2020 19:23,21,,,,
3/12/2020 4:41,22,,,,
3/12/2020 7:42,21,,,,
3/12/2020 20:39,20,,,,
3/12/2020 21:09,19,,,,
3/12/2020 22:41,20,,,,
4/12/2020 1:35,21,,,,
4/12/2020 4:24,20,,,,
4/12/2020 5:53,21,,,,
4/12/2020 8:35,20,,,,
4/12/2020 13:35,21,,,,
4/12/2020 17:05,22,,,,
4/12/2020 20:29,23,,,,
4/12/2020 21:36,22,,,,
4/12/2020 21:56,21,,,,
5/12/2020 3:59,22,,,,
5/12/2020 4:24,21,,,,
5/12/2020 9:49,20,,,,
5/12/2020 18:01,19,,,,
5/12/2020 22:11,18,,,,
6/12/2020 10:18,17,,,,
6/12/2020 11:05,18,,,,
6/12/2020 17:12,17,,,,
6/12/2020 23:16,16,,,,
6/12/2020 23:46,15,,,,
7/12/2020 0:19,14,,,,
7/12/2020 4:47,13,,,,
7/12/2020 5:41,14,,,,
7/12/2020 7:43,13,,,,
7/12/2020 10:11,14,,,,
7/12/2020 11:23,15,,,,
7/12/2020 17:02,14,,,,
7/12/2020 17:41,15,,,,
7/12/2020 23:59,14,,,,
8/12/2020 5:17,15,,,,
8/12/2020 7:52,14,,,,
8/12/2020 10:47,15,,,,
8/12/2020 12:07,14,,,,
8/12/2020 12:27,13,,,,
8/12/2020 19:29,14,,,,
8/12/2020 20:41,15,,,,
8/12/2020 23:59,14,,,,
9/12/2020 4:26,13,,,,
9/12/2020 9:53,14,,,,
9/12/2020 12:48,13,,,,
9/12/2020 14:58,12,,,,
9/12/2020 19:47,13,,,,
10/12/2020 1:48,12,,,,
10/12/2020 3:23,13,,,,
10/12/2020 6:25,12,,,,
10/12/2020 8:35,11,,,,
10/12/2020 8:41,12,,,,
10/12/2020 13:41,11,,,,
10/12/2020 15:23,12,,,,
10/12/2020 20:33,11,,,,
11/12/2020 3:12,10,,,,
11/12/2020 8:59,11,,,,
11/12/2020 9:10,10,,,,
11/12/2020 9:35,11,,,,
11/12/2020 12:53,12,,,,
11/12/2020 14:19,11,,,,
12/12/2020 1:04,10,,,,
12/12/2020 2:47,11,,,,
12/12/2020 2:53,12,,,,
12/12/2020 4:41,13,,,,
12/12/2020 10:53,14,,,,
12/12/2020 11:35,13,,,,
12/12/2020 14:11,14,,,,
12/12/2020 15:41,13,,,,
12/12/2020 17:53,14,,,,
12/12/2020 18:01,13,,,,
12/12/2020 22:15,12,,,,
13/12/2020 0:35,11,,,,
13/12/2020 4:11,12,,,,
13/12/2020 6:35,13,,,,
13/12/2020 13:17,14,,,,
13/12/2020 16:55,13,,,,
13/12/2020 17:15,12,,,,
14/12/2020 2:02,11,,,,
14/12/2020 3:41,12,,,,
14/12/2020 4:47,13,,,,
14/12/2020 5:32,12,,,,
14/12/2020 9:17,11,,,,
14/12/2020 9:47,12,,,,
14/12/2020 17:47,11,,,,
14/12/2020 22:07,10,,,,
15/12/2020 0:59,11,,,,
15/12/2020 4:41,12,,,,
15/12/2020 6:18,11,,,,
15/12/2020 6:38,10,,,,
15/12/2020 10:59,11,,,,
15/12/2020 14:17,12,,,,
15/12/2020 14:27,11,,,,
15/12/2020 14:35,12,,,,
15/12/2020 16:55,11,,,,
15/12/2020 17:28,10,,,,
15/12/2020 18:23,11,,,,
16/12/2020 1:59,12,,,,
16/12/2020 4:11,13,,,,
16/12/2020 5:21,12,,,,
16/12/2020 11:17,13,,,,
16/12/2020 11:29,14,,,,
16/12/2020 13:41,16,,,,
16/12/2020 17:17,17,,,,
16/12/2020 19:27,16,,,,
17/12/2020 4:30,15,,,,
17/12/2020 5:35,16,,,,
17/12/2020 8:41,17,,,,
17/12/2020 20:18,16,,,,
17/12/2020 20:35,17,,,,
17/12/2020 20:52,16,,,,
17/12/2020 23:17,17,,,,
18/12/2020 5:59,18,,,,
18/12/2020 8:29,17,,,,
18/12/2020 9:02,16,,,,
18/12/2020 17:55,15,,,,
18/12/2020 20:48,14,,,,
18/12/2020 21:11,13,,,,
19/12/2020 6:20,12,,,,
19/12/2020 11:23,13,,,,
19/12/2020 14:12,12,,,,
19/12/2020 15:17,13,,,,
19/12/2020 15:41,14,,,,
19/12/2020 17:57,13,,,,
19/12/2020 21:26,12,,,,
19/12/2020 23:17,13,,,,
19/12/2020 23:36,12,,,,
20/12/2020 0:53,13,,,,
20/12/2020 13:09,12,,,,
20/12/2020 16:47,13,,,,
20/12/2020 22:11,12,,,,
21/12/2020 1:41,13,,,,
21/12/2020 1:53,12,,,,
21/12/2020 4:32,11,,,,
21/12/2020 4:59,12,,,,
21/12/2020 5:53,13,,,,
21/12/2020 6:05,14,,,,
21/12/2020 6:52,13,,,,
21/12/2020 10:59,14,,,,
21/12/2020 15:26,13,,,,
21/12/2020 17:35,14,,,,
22/12/2020 2:41,15,,,,
22/12/2020 4:33,14,,,,
22/12/2020 9:17,15,,,,
22/12/2020 10:49,14,,,,
22/12/2020 11:09,13,,,,
22/12/2020 20:23,14,,,,
23/12/2020 2:33,13,,,,
23/12/2020 3:11,14,,,,
23/12/2020 11:15,13,,,,
23/12/2020 23:23,14,,,,
24/12/2020 4:35,13,,,,
24/12/2020 5:06,12,,,,
24/12/2020 6:11,13,,,,
24/12/2020 11:29,14,,,,
24/12/2020 11:53,13,,,,
24/12/2020 14:29,14,,,,
24/12/2020 21:29,15,,,,
24/12/2020 22:05,16,,,,
25/12/2020 4:35,15,,,,
25/12/2020 5:06,14,,,,
25/12/2020 7:41,15,,,,
25/12/2020 9:35,16,,,,
25/12/2020 12:45,15,,,,
25/12/2020 13:16,14,,,,
25/12/2020 19:47,15,,,,
25/12/2020 20:59,16,,,,
26/12/2020 4:36,15,,,,
26/12/2020 5:29,16,,,,
26/12/2020 10:17,17,,,,
26/12/2020 13:35,16,,,,
26/12/2020 14:06,15,,,,
26/12/2020 17:11,16,,,,
27/12/2020 2:30,15,,,,
27/12/2020 6:11,16,,,,
27/12/2020 12:05,17,,,,
27/12/2020 14:47,16,,,,
27/12/2020 15:07,15,,,,
27/12/2020 15:38,14,,,,
27/12/2020 19:35,15,,,,
28/12/2020 5:59,16,,,,
28/12/2020 7:47,15,,,,
28/12/2020 15:52,14,,,,
28/12/2020 16:13,13,,,,
28/12/2020 17:23,14,,,,
28/12/2020 20:59,15,,,,
29/12/2020 1:11,16,,,,
29/12/2020 1:47,17,,,,
29/12/2020 4:39,16,,,,
29/12/2020 5:59,17,,,,
29/12/2020 17:10,16,,,,
29/12/2020 17:41,17,,,,
29/12/2020 17:43,16,,,,
29/12/2020 20:05,15,,,,
30/12/2020 5:35,14,,,,
30/12/2020 12:41,15,,,,
30/12/2020 16:59,16,,,,
30/12/2020 17:59,17,,,,
30/12/2020 18:11,16,,,,
